insert into ZCLUB (Z_PK, Z_ENT, Z_OPT, ZNAME) values (101,1,1,'AJAX');
insert into ZTEAM (Z_PK, Z_ENT, Z_OPT, ZCLUB, ZNAME) values (101,14,1,101,'Seniors');
insert into ZCLUB (Z_PK, Z_ENT, Z_OPT, ZNAME) values (102,1,1,'Werribee Districts');
insert into ZTEAM (Z_PK, Z_ENT, Z_OPT, ZCLUB, ZNAME) values (102,14,1,102,'Seniors');
insert into ZCLUB (Z_PK, Z_ENT, Z_OPT, ZNAME) values (103,1,1,'Caulfield Grammarians');
insert into ZTEAM (Z_PK, Z_ENT, Z_OPT, ZCLUB, ZNAME) values (103,14,1,103,'Seniors');
insert into ZCLUB (Z_PK, Z_ENT, Z_OPT, ZNAME) values (104,1,1,'Fitzroy');
insert into ZTEAM (Z_PK, Z_ENT, Z_OPT, ZCLUB, ZNAME) values (104,14,1,104,'Seniors');
insert into ZCLUB (Z_PK, Z_ENT, Z_OPT, ZNAME) values (105,1,1,'Old Melburnians');
insert into ZTEAM (Z_PK, Z_ENT, Z_OPT, ZCLUB, ZNAME) values (105,14,1,105,'Seniors');
insert into ZCLUB (Z_PK, Z_ENT, Z_OPT, ZNAME) values (106,1,1,'Old Haileybury');
insert into ZTEAM (Z_PK, Z_ENT, Z_OPT, ZCLUB, ZNAME) values (106,14,1,106,'Seniors');
insert into ZCLUB (Z_PK, Z_ENT, Z_OPT, ZNAME) values (107,1,1,'Old Brighton');
insert into ZTEAM (Z_PK, Z_ENT, Z_OPT, ZCLUB, ZNAME) values (107,14,1,107,'Seniors');
insert into ZCLUB (Z_PK, Z_ENT, Z_OPT, ZNAME) values (108,1,1,'Parkdale Vultures');
insert into ZTEAM (Z_PK, Z_ENT, Z_OPT, ZCLUB, ZNAME) values (108,14,1,108,'Seniors');
insert into ZCLUB (Z_PK, Z_ENT, Z_OPT, ZNAME) values (109,1,1,'St Kevins');
insert into ZTEAM (Z_PK, Z_ENT, Z_OPT, ZCLUB, ZNAME) values (109,14,1,109,'Seniors');
insert into ZCLUB (Z_PK, Z_ENT, Z_OPT, ZNAME) values (110,1,1,'Old Trinity');
insert into ZTEAM (Z_PK, Z_ENT, Z_OPT, ZCLUB, ZNAME) values (110,14,1,110,'Seniors');
-- Round: 1
insert into ZROUND (Z_PK, Z_ENT, Z_OPT, ZNUMBER, ZSEASON, ZDATE) values (101,11,1,1,2,'2012-05-07');
-- Old Trinity VS Old Melburnians
insert into ZMATCH (Z_PK, Z_ENT, Z_OPT, ZROUND, ZDATE) values (101,4,1,101,'2012-05-01');
insert into ZPARTICIPANT (Z_PK, Z_ENT, Z_OPT, ZMATCH, ZPARTICIPANTSTATISTICS, Z8_PARTICIPANTSTATISTICS, ZPLAYER, ZTEAMPARTICIPANT, ZTEAM) values (101,7,1,101,NULL,NULL,NULL,NULL,110);
insert into ZPARTICIPANT (Z_PK, Z_ENT, Z_OPT, ZMATCH, ZPARTICIPANTSTATISTICS, Z8_PARTICIPANTSTATISTICS, ZPLAYER, ZTEAMPARTICIPANT, ZTEAM) values (102,7,1,101,NULL,NULL,NULL,NULL,105);
-- AJAX VS Fitzroy
insert into ZMATCH (Z_PK, Z_ENT, Z_OPT, ZROUND, ZDATE) values (102,4,1,101,'2012-05-01');
insert into ZPARTICIPANT (Z_PK, Z_ENT, Z_OPT, ZMATCH, ZPARTICIPANTSTATISTICS, Z8_PARTICIPANTSTATISTICS, ZPLAYER, ZTEAMPARTICIPANT, ZTEAM) values (103,7,1,102,NULL,NULL,NULL,NULL,101);
insert into ZPARTICIPANT (Z_PK, Z_ENT, Z_OPT, ZMATCH, ZPARTICIPANTSTATISTICS, Z8_PARTICIPANTSTATISTICS, ZPLAYER, ZTEAMPARTICIPANT, ZTEAM) values (104,7,1,102,NULL,NULL,NULL,NULL,104);
-- Parkdale Vultures VS Old Brighton
insert into ZMATCH (Z_PK, Z_ENT, Z_OPT, ZROUND, ZDATE) values (103,4,1,101,'2012-05-01');
insert into ZPARTICIPANT (Z_PK, Z_ENT, Z_OPT, ZMATCH, ZPARTICIPANTSTATISTICS, Z8_PARTICIPANTSTATISTICS, ZPLAYER, ZTEAMPARTICIPANT, ZTEAM) values (105,7,1,103,NULL,NULL,NULL,NULL,108);
insert into ZPARTICIPANT (Z_PK, Z_ENT, Z_OPT, ZMATCH, ZPARTICIPANTSTATISTICS, Z8_PARTICIPANTSTATISTICS, ZPLAYER, ZTEAMPARTICIPANT, ZTEAM) values (106,7,1,103,NULL,NULL,NULL,NULL,107);
-- Caulfield Grammarians VS St Kevins
insert into ZMATCH (Z_PK, Z_ENT, Z_OPT, ZROUND, ZDATE) values (104,4,1,101,'2012-05-01');
insert into ZPARTICIPANT (Z_PK, Z_ENT, Z_OPT, ZMATCH, ZPARTICIPANTSTATISTICS, Z8_PARTICIPANTSTATISTICS, ZPLAYER, ZTEAMPARTICIPANT, ZTEAM) values (107,7,1,104,NULL,NULL,NULL,NULL,103);
insert into ZPARTICIPANT (Z_PK, Z_ENT, Z_OPT, ZMATCH, ZPARTICIPANTSTATISTICS, Z8_PARTICIPANTSTATISTICS, ZPLAYER, ZTEAMPARTICIPANT, ZTEAM) values (108,7,1,104,NULL,NULL,NULL,NULL,109);
-- Werribee Districts VS Old Haileybury
insert into ZMATCH (Z_PK, Z_ENT, Z_OPT, ZROUND, ZDATE) values (105,4,1,101,'2012-05-01');
insert into ZPARTICIPANT (Z_PK, Z_ENT, Z_OPT, ZMATCH, ZPARTICIPANTSTATISTICS, Z8_PARTICIPANTSTATISTICS, ZPLAYER, ZTEAMPARTICIPANT, ZTEAM) values (109,7,1,105,NULL,NULL,NULL,NULL,102);
insert into ZPARTICIPANT (Z_PK, Z_ENT, Z_OPT, ZMATCH, ZPARTICIPANTSTATISTICS, Z8_PARTICIPANTSTATISTICS, ZPLAYER, ZTEAMPARTICIPANT, ZTEAM) values (110,7,1,105,NULL,NULL,NULL,NULL,106);
-- Round: 2
insert into ZROUND (Z_PK, Z_ENT, Z_OPT, ZNUMBER, ZSEASON, ZDATE) values (102,11,1,2,2,'2012-05-07');
-- Old Brighton VS St Kevins
insert into ZMATCH (Z_PK, Z_ENT, Z_OPT, ZROUND, ZDATE) values (106,4,1,102,'2012-05-01');
insert into ZPARTICIPANT (Z_PK, Z_ENT, Z_OPT, ZMATCH, ZPARTICIPANTSTATISTICS, Z8_PARTICIPANTSTATISTICS, ZPLAYER, ZTEAMPARTICIPANT, ZTEAM) values (111,7,1,106,NULL,NULL,NULL,NULL,107);
insert into ZPARTICIPANT (Z_PK, Z_ENT, Z_OPT, ZMATCH, ZPARTICIPANTSTATISTICS, Z8_PARTICIPANTSTATISTICS, ZPLAYER, ZTEAMPARTICIPANT, ZTEAM) values (112,7,1,106,NULL,NULL,NULL,NULL,109);
-- AJAX VS Werribee Districts
insert into ZMATCH (Z_PK, Z_ENT, Z_OPT, ZROUND, ZDATE) values (107,4,1,102,'2012-05-01');
insert into ZPARTICIPANT (Z_PK, Z_ENT, Z_OPT, ZMATCH, ZPARTICIPANTSTATISTICS, Z8_PARTICIPANTSTATISTICS, ZPLAYER, ZTEAMPARTICIPANT, ZTEAM) values (113,7,1,107,NULL,NULL,NULL,NULL,101);
insert into ZPARTICIPANT (Z_PK, Z_ENT, Z_OPT, ZMATCH, ZPARTICIPANTSTATISTICS, Z8_PARTICIPANTSTATISTICS, ZPLAYER, ZTEAMPARTICIPANT, ZTEAM) values (114,7,1,107,NULL,NULL,NULL,NULL,102);
-- Old Melburnians VS Caulfield Grammarians
insert into ZMATCH (Z_PK, Z_ENT, Z_OPT, ZROUND, ZDATE) values (108,4,1,102,'2012-05-01');
insert into ZPARTICIPANT (Z_PK, Z_ENT, Z_OPT, ZMATCH, ZPARTICIPANTSTATISTICS, Z8_PARTICIPANTSTATISTICS, ZPLAYER, ZTEAMPARTICIPANT, ZTEAM) values (115,7,1,108,NULL,NULL,NULL,NULL,105);
insert into ZPARTICIPANT (Z_PK, Z_ENT, Z_OPT, ZMATCH, ZPARTICIPANTSTATISTICS, Z8_PARTICIPANTSTATISTICS, ZPLAYER, ZTEAMPARTICIPANT, ZTEAM) values (116,7,1,108,NULL,NULL,NULL,NULL,103);
-- Old Haileybury VS Parkdale Vultures
insert into ZMATCH (Z_PK, Z_ENT, Z_OPT, ZROUND, ZDATE) values (109,4,1,102,'2012-05-01');
insert into ZPARTICIPANT (Z_PK, Z_ENT, Z_OPT, ZMATCH, ZPARTICIPANTSTATISTICS, Z8_PARTICIPANTSTATISTICS, ZPLAYER, ZTEAMPARTICIPANT, ZTEAM) values (117,7,1,109,NULL,NULL,NULL,NULL,106);
insert into ZPARTICIPANT (Z_PK, Z_ENT, Z_OPT, ZMATCH, ZPARTICIPANTSTATISTICS, Z8_PARTICIPANTSTATISTICS, ZPLAYER, ZTEAMPARTICIPANT, ZTEAM) values (118,7,1,109,NULL,NULL,NULL,NULL,108);
-- Fitzroy VS Old Trinity
insert into ZMATCH (Z_PK, Z_ENT, Z_OPT, ZROUND, ZDATE) values (110,4,1,102,'2012-05-01');
insert into ZPARTICIPANT (Z_PK, Z_ENT, Z_OPT, ZMATCH, ZPARTICIPANTSTATISTICS, Z8_PARTICIPANTSTATISTICS, ZPLAYER, ZTEAMPARTICIPANT, ZTEAM) values (119,7,1,110,NULL,NULL,NULL,NULL,104);
insert into ZPARTICIPANT (Z_PK, Z_ENT, Z_OPT, ZMATCH, ZPARTICIPANTSTATISTICS, Z8_PARTICIPANTSTATISTICS, ZPLAYER, ZTEAMPARTICIPANT, ZTEAM) values (120,7,1,110,NULL,NULL,NULL,NULL,110);
-- Round: 3
insert into ZROUND (Z_PK, Z_ENT, Z_OPT, ZNUMBER, ZSEASON, ZDATE) values (103,11,1,3,2,'2012-05-07');
-- Old Trinity VS Werribee Districts
insert into ZMATCH (Z_PK, Z_ENT, Z_OPT, ZROUND, ZDATE) values (111,4,1,103,'2012-05-01');
insert into ZPARTICIPANT (Z_PK, Z_ENT, Z_OPT, ZMATCH, ZPARTICIPANTSTATISTICS, Z8_PARTICIPANTSTATISTICS, ZPLAYER, ZTEAMPARTICIPANT, ZTEAM) values (121,7,1,111,NULL,NULL,NULL,NULL,110);
insert into ZPARTICIPANT (Z_PK, Z_ENT, Z_OPT, ZMATCH, ZPARTICIPANTSTATISTICS, Z8_PARTICIPANTSTATISTICS, ZPLAYER, ZTEAMPARTICIPANT, ZTEAM) values (122,7,1,111,NULL,NULL,NULL,NULL,102);
-- Parkdale Vultures VS Caulfield Grammarians
insert into ZMATCH (Z_PK, Z_ENT, Z_OPT, ZROUND, ZDATE) values (112,4,1,103,'2012-05-01');
insert into ZPARTICIPANT (Z_PK, Z_ENT, Z_OPT, ZMATCH, ZPARTICIPANTSTATISTICS, Z8_PARTICIPANTSTATISTICS, ZPLAYER, ZTEAMPARTICIPANT, ZTEAM) values (123,7,1,112,NULL,NULL,NULL,NULL,108);
insert into ZPARTICIPANT (Z_PK, Z_ENT, Z_OPT, ZMATCH, ZPARTICIPANTSTATISTICS, Z8_PARTICIPANTSTATISTICS, ZPLAYER, ZTEAMPARTICIPANT, ZTEAM) values (124,7,1,112,NULL,NULL,NULL,NULL,103);
-- Old Melburnians VS AJAX
insert into ZMATCH (Z_PK, Z_ENT, Z_OPT, ZROUND, ZDATE) values (113,4,1,103,'2012-05-01');
insert into ZPARTICIPANT (Z_PK, Z_ENT, Z_OPT, ZMATCH, ZPARTICIPANTSTATISTICS, Z8_PARTICIPANTSTATISTICS, ZPLAYER, ZTEAMPARTICIPANT, ZTEAM) values (125,7,1,113,NULL,NULL,NULL,NULL,105);
insert into ZPARTICIPANT (Z_PK, Z_ENT, Z_OPT, ZMATCH, ZPARTICIPANTSTATISTICS, Z8_PARTICIPANTSTATISTICS, ZPLAYER, ZTEAMPARTICIPANT, ZTEAM) values (126,7,1,113,NULL,NULL,NULL,NULL,101);
-- St Kevins VS Old Haileybury
insert into ZMATCH (Z_PK, Z_ENT, Z_OPT, ZROUND, ZDATE) values (114,4,1,103,'2012-05-01');
insert into ZPARTICIPANT (Z_PK, Z_ENT, Z_OPT, ZMATCH, ZPARTICIPANTSTATISTICS, Z8_PARTICIPANTSTATISTICS, ZPLAYER, ZTEAMPARTICIPANT, ZTEAM) values (127,7,1,114,NULL,NULL,NULL,NULL,109);
insert into ZPARTICIPANT (Z_PK, Z_ENT, Z_OPT, ZMATCH, ZPARTICIPANTSTATISTICS, Z8_PARTICIPANTSTATISTICS, ZPLAYER, ZTEAMPARTICIPANT, ZTEAM) values (128,7,1,114,NULL,NULL,NULL,NULL,106);
-- Fitzroy VS Old Brighton
insert into ZMATCH (Z_PK, Z_ENT, Z_OPT, ZROUND, ZDATE) values (115,4,1,103,'2012-05-01');
insert into ZPARTICIPANT (Z_PK, Z_ENT, Z_OPT, ZMATCH, ZPARTICIPANTSTATISTICS, Z8_PARTICIPANTSTATISTICS, ZPLAYER, ZTEAMPARTICIPANT, ZTEAM) values (129,7,1,115,NULL,NULL,NULL,NULL,104);
insert into ZPARTICIPANT (Z_PK, Z_ENT, Z_OPT, ZMATCH, ZPARTICIPANTSTATISTICS, Z8_PARTICIPANTSTATISTICS, ZPLAYER, ZTEAMPARTICIPANT, ZTEAM) values (130,7,1,115,NULL,NULL,NULL,NULL,107);
-- Round: 4
insert into ZROUND (Z_PK, Z_ENT, Z_OPT, ZNUMBER, ZSEASON, ZDATE) values (104,11,1,4,2,'2012-05-07');
-- Old Brighton VS Old Haileybury
insert into ZMATCH (Z_PK, Z_ENT, Z_OPT, ZROUND, ZDATE) values (116,4,1,104,'2012-05-01');
insert into ZPARTICIPANT (Z_PK, Z_ENT, Z_OPT, ZMATCH, ZPARTICIPANTSTATISTICS, Z8_PARTICIPANTSTATISTICS, ZPLAYER, ZTEAMPARTICIPANT, ZTEAM) values (131,7,1,116,NULL,NULL,NULL,NULL,107);
insert into ZPARTICIPANT (Z_PK, Z_ENT, Z_OPT, ZMATCH, ZPARTICIPANTSTATISTICS, Z8_PARTICIPANTSTATISTICS, ZPLAYER, ZTEAMPARTICIPANT, ZTEAM) values (132,7,1,116,NULL,NULL,NULL,NULL,106);
-- AJAX VS Old Trinity
insert into ZMATCH (Z_PK, Z_ENT, Z_OPT, ZROUND, ZDATE) values (117,4,1,104,'2012-05-01');
insert into ZPARTICIPANT (Z_PK, Z_ENT, Z_OPT, ZMATCH, ZPARTICIPANTSTATISTICS, Z8_PARTICIPANTSTATISTICS, ZPLAYER, ZTEAMPARTICIPANT, ZTEAM) values (133,7,1,117,NULL,NULL,NULL,NULL,101);
insert into ZPARTICIPANT (Z_PK, Z_ENT, Z_OPT, ZMATCH, ZPARTICIPANTSTATISTICS, Z8_PARTICIPANTSTATISTICS, ZPLAYER, ZTEAMPARTICIPANT, ZTEAM) values (134,7,1,117,NULL,NULL,NULL,NULL,110);
-- Parkdale Vultures VS St Kevins
insert into ZMATCH (Z_PK, Z_ENT, Z_OPT, ZROUND, ZDATE) values (118,4,1,104,'2012-05-01');
insert into ZPARTICIPANT (Z_PK, Z_ENT, Z_OPT, ZMATCH, ZPARTICIPANTSTATISTICS, Z8_PARTICIPANTSTATISTICS, ZPLAYER, ZTEAMPARTICIPANT, ZTEAM) values (135,7,1,118,NULL,NULL,NULL,NULL,108);
insert into ZPARTICIPANT (Z_PK, Z_ENT, Z_OPT, ZMATCH, ZPARTICIPANTSTATISTICS, Z8_PARTICIPANTSTATISTICS, ZPLAYER, ZTEAMPARTICIPANT, ZTEAM) values (136,7,1,118,NULL,NULL,NULL,NULL,109);
-- Caulfield Grammarians VS Fitzroy
insert into ZMATCH (Z_PK, Z_ENT, Z_OPT, ZROUND, ZDATE) values (119,4,1,104,'2012-05-01');
insert into ZPARTICIPANT (Z_PK, Z_ENT, Z_OPT, ZMATCH, ZPARTICIPANTSTATISTICS, Z8_PARTICIPANTSTATISTICS, ZPLAYER, ZTEAMPARTICIPANT, ZTEAM) values (137,7,1,119,NULL,NULL,NULL,NULL,103);
insert into ZPARTICIPANT (Z_PK, Z_ENT, Z_OPT, ZMATCH, ZPARTICIPANTSTATISTICS, Z8_PARTICIPANTSTATISTICS, ZPLAYER, ZTEAMPARTICIPANT, ZTEAM) values (138,7,1,119,NULL,NULL,NULL,NULL,104);
-- Werribee Districts VS Old Melburnians
insert into ZMATCH (Z_PK, Z_ENT, Z_OPT, ZROUND, ZDATE) values (120,4,1,104,'2012-05-01');
insert into ZPARTICIPANT (Z_PK, Z_ENT, Z_OPT, ZMATCH, ZPARTICIPANTSTATISTICS, Z8_PARTICIPANTSTATISTICS, ZPLAYER, ZTEAMPARTICIPANT, ZTEAM) values (139,7,1,120,NULL,NULL,NULL,NULL,102);
insert into ZPARTICIPANT (Z_PK, Z_ENT, Z_OPT, ZMATCH, ZPARTICIPANTSTATISTICS, Z8_PARTICIPANTSTATISTICS, ZPLAYER, ZTEAMPARTICIPANT, ZTEAM) values (140,7,1,120,NULL,NULL,NULL,NULL,105);
-- Round: 5
insert into ZROUND (Z_PK, Z_ENT, Z_OPT, ZNUMBER, ZSEASON, ZDATE) values (105,11,1,5,2,'2012-05-07');
-- Old Trinity VS Parkdale Vultures
insert into ZMATCH (Z_PK, Z_ENT, Z_OPT, ZROUND, ZDATE) values (121,4,1,105,'2012-05-01');
insert into ZPARTICIPANT (Z_PK, Z_ENT, Z_OPT, ZMATCH, ZPARTICIPANTSTATISTICS, Z8_PARTICIPANTSTATISTICS, ZPLAYER, ZTEAMPARTICIPANT, ZTEAM) values (141,7,1,121,NULL,NULL,NULL,NULL,110);
insert into ZPARTICIPANT (Z_PK, Z_ENT, Z_OPT, ZMATCH, ZPARTICIPANTSTATISTICS, Z8_PARTICIPANTSTATISTICS, ZPLAYER, ZTEAMPARTICIPANT, ZTEAM) values (142,7,1,121,NULL,NULL,NULL,NULL,108);
-- Old Melburnians VS Old Brighton
insert into ZMATCH (Z_PK, Z_ENT, Z_OPT, ZROUND, ZDATE) values (122,4,1,105,'2012-05-01');
insert into ZPARTICIPANT (Z_PK, Z_ENT, Z_OPT, ZMATCH, ZPARTICIPANTSTATISTICS, Z8_PARTICIPANTSTATISTICS, ZPLAYER, ZTEAMPARTICIPANT, ZTEAM) values (143,7,1,122,NULL,NULL,NULL,NULL,105);
insert into ZPARTICIPANT (Z_PK, Z_ENT, Z_OPT, ZMATCH, ZPARTICIPANTSTATISTICS, Z8_PARTICIPANTSTATISTICS, ZPLAYER, ZTEAMPARTICIPANT, ZTEAM) values (144,7,1,122,NULL,NULL,NULL,NULL,107);
-- Old Haileybury VS AJAX
insert into ZMATCH (Z_PK, Z_ENT, Z_OPT, ZROUND, ZDATE) values (123,4,1,105,'2012-05-01');
insert into ZPARTICIPANT (Z_PK, Z_ENT, Z_OPT, ZMATCH, ZPARTICIPANTSTATISTICS, Z8_PARTICIPANTSTATISTICS, ZPLAYER, ZTEAMPARTICIPANT, ZTEAM) values (145,7,1,123,NULL,NULL,NULL,NULL,106);
insert into ZPARTICIPANT (Z_PK, Z_ENT, Z_OPT, ZMATCH, ZPARTICIPANTSTATISTICS, Z8_PARTICIPANTSTATISTICS, ZPLAYER, ZTEAMPARTICIPANT, ZTEAM) values (146,7,1,123,NULL,NULL,NULL,NULL,101);
-- Werribee Districts VS Caulfield Grammarians
insert into ZMATCH (Z_PK, Z_ENT, Z_OPT, ZROUND, ZDATE) values (124,4,1,105,'2012-05-01');
insert into ZPARTICIPANT (Z_PK, Z_ENT, Z_OPT, ZMATCH, ZPARTICIPANTSTATISTICS, Z8_PARTICIPANTSTATISTICS, ZPLAYER, ZTEAMPARTICIPANT, ZTEAM) values (147,7,1,124,NULL,NULL,NULL,NULL,102);
insert into ZPARTICIPANT (Z_PK, Z_ENT, Z_OPT, ZMATCH, ZPARTICIPANTSTATISTICS, Z8_PARTICIPANTSTATISTICS, ZPLAYER, ZTEAMPARTICIPANT, ZTEAM) values (148,7,1,124,NULL,NULL,NULL,NULL,103);
-- Fitzroy VS St Kevins
insert into ZMATCH (Z_PK, Z_ENT, Z_OPT, ZROUND, ZDATE) values (125,4,1,105,'2012-05-01');
insert into ZPARTICIPANT (Z_PK, Z_ENT, Z_OPT, ZMATCH, ZPARTICIPANTSTATISTICS, Z8_PARTICIPANTSTATISTICS, ZPLAYER, ZTEAMPARTICIPANT, ZTEAM) values (149,7,1,125,NULL,NULL,NULL,NULL,104);
insert into ZPARTICIPANT (Z_PK, Z_ENT, Z_OPT, ZMATCH, ZPARTICIPANTSTATISTICS, Z8_PARTICIPANTSTATISTICS, ZPLAYER, ZTEAMPARTICIPANT, ZTEAM) values (150,7,1,125,NULL,NULL,NULL,NULL,109);
-- Round: 6
insert into ZROUND (Z_PK, Z_ENT, Z_OPT, ZNUMBER, ZSEASON, ZDATE) values (106,11,1,6,2,'2012-05-07');
-- Old Brighton VS AJAX
insert into ZMATCH (Z_PK, Z_ENT, Z_OPT, ZROUND, ZDATE) values (126,4,1,106,'2012-05-01');
insert into ZPARTICIPANT (Z_PK, Z_ENT, Z_OPT, ZMATCH, ZPARTICIPANTSTATISTICS, Z8_PARTICIPANTSTATISTICS, ZPLAYER, ZTEAMPARTICIPANT, ZTEAM) values (151,7,1,126,NULL,NULL,NULL,NULL,107);
insert into ZPARTICIPANT (Z_PK, Z_ENT, Z_OPT, ZMATCH, ZPARTICIPANTSTATISTICS, Z8_PARTICIPANTSTATISTICS, ZPLAYER, ZTEAMPARTICIPANT, ZTEAM) values (152,7,1,126,NULL,NULL,NULL,NULL,101);
-- Parkdale Vultures VS Old Melburnians
insert into ZMATCH (Z_PK, Z_ENT, Z_OPT, ZROUND, ZDATE) values (127,4,1,106,'2012-05-01');
insert into ZPARTICIPANT (Z_PK, Z_ENT, Z_OPT, ZMATCH, ZPARTICIPANTSTATISTICS, Z8_PARTICIPANTSTATISTICS, ZPLAYER, ZTEAMPARTICIPANT, ZTEAM) values (153,7,1,127,NULL,NULL,NULL,NULL,108);
insert into ZPARTICIPANT (Z_PK, Z_ENT, Z_OPT, ZMATCH, ZPARTICIPANTSTATISTICS, Z8_PARTICIPANTSTATISTICS, ZPLAYER, ZTEAMPARTICIPANT, ZTEAM) values (154,7,1,127,NULL,NULL,NULL,NULL,105);
-- Caulfield Grammarians VS Old Trinity
insert into ZMATCH (Z_PK, Z_ENT, Z_OPT, ZROUND, ZDATE) values (128,4,1,106,'2012-05-01');
insert into ZPARTICIPANT (Z_PK, Z_ENT, Z_OPT, ZMATCH, ZPARTICIPANTSTATISTICS, Z8_PARTICIPANTSTATISTICS, ZPLAYER, ZTEAMPARTICIPANT, ZTEAM) values (155,7,1,128,NULL,NULL,NULL,NULL,103);
insert into ZPARTICIPANT (Z_PK, Z_ENT, Z_OPT, ZMATCH, ZPARTICIPANTSTATISTICS, Z8_PARTICIPANTSTATISTICS, ZPLAYER, ZTEAMPARTICIPANT, ZTEAM) values (156,7,1,128,NULL,NULL,NULL,NULL,110);
-- St Kevins VS Werribee Districts
insert into ZMATCH (Z_PK, Z_ENT, Z_OPT, ZROUND, ZDATE) values (129,4,1,106,'2012-05-01');
insert into ZPARTICIPANT (Z_PK, Z_ENT, Z_OPT, ZMATCH, ZPARTICIPANTSTATISTICS, Z8_PARTICIPANTSTATISTICS, ZPLAYER, ZTEAMPARTICIPANT, ZTEAM) values (157,7,1,129,NULL,NULL,NULL,NULL,109);
insert into ZPARTICIPANT (Z_PK, Z_ENT, Z_OPT, ZMATCH, ZPARTICIPANTSTATISTICS, Z8_PARTICIPANTSTATISTICS, ZPLAYER, ZTEAMPARTICIPANT, ZTEAM) values (158,7,1,129,NULL,NULL,NULL,NULL,102);
-- Fitzroy VS Old Haileybury
insert into ZMATCH (Z_PK, Z_ENT, Z_OPT, ZROUND, ZDATE) values (130,4,1,106,'2012-05-01');
insert into ZPARTICIPANT (Z_PK, Z_ENT, Z_OPT, ZMATCH, ZPARTICIPANTSTATISTICS, Z8_PARTICIPANTSTATISTICS, ZPLAYER, ZTEAMPARTICIPANT, ZTEAM) values (159,7,1,130,NULL,NULL,NULL,NULL,104);
insert into ZPARTICIPANT (Z_PK, Z_ENT, Z_OPT, ZMATCH, ZPARTICIPANTSTATISTICS, Z8_PARTICIPANTSTATISTICS, ZPLAYER, ZTEAMPARTICIPANT, ZTEAM) values (160,7,1,130,NULL,NULL,NULL,NULL,106);
-- Round: 7
insert into ZROUND (Z_PK, Z_ENT, Z_OPT, ZNUMBER, ZSEASON, ZDATE) values (107,11,1,7,2,'2012-05-07');
-- Old Brighton VS Caulfield Grammarians
insert into ZMATCH (Z_PK, Z_ENT, Z_OPT, ZROUND, ZDATE) values (131,4,1,107,'2012-05-01');
insert into ZPARTICIPANT (Z_PK, Z_ENT, Z_OPT, ZMATCH, ZPARTICIPANTSTATISTICS, Z8_PARTICIPANTSTATISTICS, ZPLAYER, ZTEAMPARTICIPANT, ZTEAM) values (161,7,1,131,NULL,NULL,NULL,NULL,107);
insert into ZPARTICIPANT (Z_PK, Z_ENT, Z_OPT, ZMATCH, ZPARTICIPANTSTATISTICS, Z8_PARTICIPANTSTATISTICS, ZPLAYER, ZTEAMPARTICIPANT, ZTEAM) values (162,7,1,131,NULL,NULL,NULL,NULL,103);
-- AJAX VS Parkdale Vultures
insert into ZMATCH (Z_PK, Z_ENT, Z_OPT, ZROUND, ZDATE) values (132,4,1,107,'2012-05-01');
insert into ZPARTICIPANT (Z_PK, Z_ENT, Z_OPT, ZMATCH, ZPARTICIPANTSTATISTICS, Z8_PARTICIPANTSTATISTICS, ZPLAYER, ZTEAMPARTICIPANT, ZTEAM) values (163,7,1,132,NULL,NULL,NULL,NULL,101);
insert into ZPARTICIPANT (Z_PK, Z_ENT, Z_OPT, ZMATCH, ZPARTICIPANTSTATISTICS, Z8_PARTICIPANTSTATISTICS, ZPLAYER, ZTEAMPARTICIPANT, ZTEAM) values (164,7,1,132,NULL,NULL,NULL,NULL,108);
-- Old Haileybury VS Old Melburnians
insert into ZMATCH (Z_PK, Z_ENT, Z_OPT, ZROUND, ZDATE) values (133,4,1,107,'2012-05-01');
insert into ZPARTICIPANT (Z_PK, Z_ENT, Z_OPT, ZMATCH, ZPARTICIPANTSTATISTICS, Z8_PARTICIPANTSTATISTICS, ZPLAYER, ZTEAMPARTICIPANT, ZTEAM) values (165,7,1,133,NULL,NULL,NULL,NULL,106);
insert into ZPARTICIPANT (Z_PK, Z_ENT, Z_OPT, ZMATCH, ZPARTICIPANTSTATISTICS, Z8_PARTICIPANTSTATISTICS, ZPLAYER, ZTEAMPARTICIPANT, ZTEAM) values (166,7,1,133,NULL,NULL,NULL,NULL,105);
-- Werribee Districts VS Fitzroy
insert into ZMATCH (Z_PK, Z_ENT, Z_OPT, ZROUND, ZDATE) values (134,4,1,107,'2012-05-01');
insert into ZPARTICIPANT (Z_PK, Z_ENT, Z_OPT, ZMATCH, ZPARTICIPANTSTATISTICS, Z8_PARTICIPANTSTATISTICS, ZPLAYER, ZTEAMPARTICIPANT, ZTEAM) values (167,7,1,134,NULL,NULL,NULL,NULL,102);
insert into ZPARTICIPANT (Z_PK, Z_ENT, Z_OPT, ZMATCH, ZPARTICIPANTSTATISTICS, Z8_PARTICIPANTSTATISTICS, ZPLAYER, ZTEAMPARTICIPANT, ZTEAM) values (168,7,1,134,NULL,NULL,NULL,NULL,104);
-- St Kevins VS Old Trinity
insert into ZMATCH (Z_PK, Z_ENT, Z_OPT, ZROUND, ZDATE) values (135,4,1,107,'2012-05-01');
insert into ZPARTICIPANT (Z_PK, Z_ENT, Z_OPT, ZMATCH, ZPARTICIPANTSTATISTICS, Z8_PARTICIPANTSTATISTICS, ZPLAYER, ZTEAMPARTICIPANT, ZTEAM) values (169,7,1,135,NULL,NULL,NULL,NULL,109);
insert into ZPARTICIPANT (Z_PK, Z_ENT, Z_OPT, ZMATCH, ZPARTICIPANTSTATISTICS, Z8_PARTICIPANTSTATISTICS, ZPLAYER, ZTEAMPARTICIPANT, ZTEAM) values (170,7,1,135,NULL,NULL,NULL,NULL,110);
-- Round: 8
insert into ZROUND (Z_PK, Z_ENT, Z_OPT, ZNUMBER, ZSEASON, ZDATE) values (108,11,1,8,2,'2012-05-07');
-- Old Trinity VS Old Haileybury
insert into ZMATCH (Z_PK, Z_ENT, Z_OPT, ZROUND, ZDATE) values (136,4,1,108,'2012-05-01');
insert into ZPARTICIPANT (Z_PK, Z_ENT, Z_OPT, ZMATCH, ZPARTICIPANTSTATISTICS, Z8_PARTICIPANTSTATISTICS, ZPLAYER, ZTEAMPARTICIPANT, ZTEAM) values (171,7,1,136,NULL,NULL,NULL,NULL,110);
insert into ZPARTICIPANT (Z_PK, Z_ENT, Z_OPT, ZMATCH, ZPARTICIPANTSTATISTICS, Z8_PARTICIPANTSTATISTICS, ZPLAYER, ZTEAMPARTICIPANT, ZTEAM) values (172,7,1,136,NULL,NULL,NULL,NULL,106);
-- Caulfield Grammarians VS AJAX
insert into ZMATCH (Z_PK, Z_ENT, Z_OPT, ZROUND, ZDATE) values (137,4,1,108,'2012-05-01');
insert into ZPARTICIPANT (Z_PK, Z_ENT, Z_OPT, ZMATCH, ZPARTICIPANTSTATISTICS, Z8_PARTICIPANTSTATISTICS, ZPLAYER, ZTEAMPARTICIPANT, ZTEAM) values (173,7,1,137,NULL,NULL,NULL,NULL,103);
insert into ZPARTICIPANT (Z_PK, Z_ENT, Z_OPT, ZMATCH, ZPARTICIPANTSTATISTICS, Z8_PARTICIPANTSTATISTICS, ZPLAYER, ZTEAMPARTICIPANT, ZTEAM) values (174,7,1,137,NULL,NULL,NULL,NULL,101);
-- Old Melburnians VS St Kevins
insert into ZMATCH (Z_PK, Z_ENT, Z_OPT, ZROUND, ZDATE) values (138,4,1,108,'2012-05-01');
insert into ZPARTICIPANT (Z_PK, Z_ENT, Z_OPT, ZMATCH, ZPARTICIPANTSTATISTICS, Z8_PARTICIPANTSTATISTICS, ZPLAYER, ZTEAMPARTICIPANT, ZTEAM) values (175,7,1,138,NULL,NULL,NULL,NULL,105);
insert into ZPARTICIPANT (Z_PK, Z_ENT, Z_OPT, ZMATCH, ZPARTICIPANTSTATISTICS, Z8_PARTICIPANTSTATISTICS, ZPLAYER, ZTEAMPARTICIPANT, ZTEAM) values (176,7,1,138,NULL,NULL,NULL,NULL,109);
-- Werribee Districts VS Old Brighton
insert into ZMATCH (Z_PK, Z_ENT, Z_OPT, ZROUND, ZDATE) values (139,4,1,108,'2012-05-01');
insert into ZPARTICIPANT (Z_PK, Z_ENT, Z_OPT, ZMATCH, ZPARTICIPANTSTATISTICS, Z8_PARTICIPANTSTATISTICS, ZPLAYER, ZTEAMPARTICIPANT, ZTEAM) values (177,7,1,139,NULL,NULL,NULL,NULL,102);
insert into ZPARTICIPANT (Z_PK, Z_ENT, Z_OPT, ZMATCH, ZPARTICIPANTSTATISTICS, Z8_PARTICIPANTSTATISTICS, ZPLAYER, ZTEAMPARTICIPANT, ZTEAM) values (178,7,1,139,NULL,NULL,NULL,NULL,107);
-- Fitzroy VS Parkdale Vultures
insert into ZMATCH (Z_PK, Z_ENT, Z_OPT, ZROUND, ZDATE) values (140,4,1,108,'2012-05-01');
insert into ZPARTICIPANT (Z_PK, Z_ENT, Z_OPT, ZMATCH, ZPARTICIPANTSTATISTICS, Z8_PARTICIPANTSTATISTICS, ZPLAYER, ZTEAMPARTICIPANT, ZTEAM) values (179,7,1,140,NULL,NULL,NULL,NULL,104);
insert into ZPARTICIPANT (Z_PK, Z_ENT, Z_OPT, ZMATCH, ZPARTICIPANTSTATISTICS, Z8_PARTICIPANTSTATISTICS, ZPLAYER, ZTEAMPARTICIPANT, ZTEAM) values (180,7,1,140,NULL,NULL,NULL,NULL,108);
-- Round: 9
insert into ZROUND (Z_PK, Z_ENT, Z_OPT, ZNUMBER, ZSEASON, ZDATE) values (109,11,1,9,2,'2012-05-07');
-- Old Brighton VS Old Trinity
insert into ZMATCH (Z_PK, Z_ENT, Z_OPT, ZROUND, ZDATE) values (141,4,1,109,'2012-05-01');
insert into ZPARTICIPANT (Z_PK, Z_ENT, Z_OPT, ZMATCH, ZPARTICIPANTSTATISTICS, Z8_PARTICIPANTSTATISTICS, ZPLAYER, ZTEAMPARTICIPANT, ZTEAM) values (181,7,1,141,NULL,NULL,NULL,NULL,107);
insert into ZPARTICIPANT (Z_PK, Z_ENT, Z_OPT, ZMATCH, ZPARTICIPANTSTATISTICS, Z8_PARTICIPANTSTATISTICS, ZPLAYER, ZTEAMPARTICIPANT, ZTEAM) values (182,7,1,141,NULL,NULL,NULL,NULL,110);
-- Parkdale Vultures VS Werribee Districts
insert into ZMATCH (Z_PK, Z_ENT, Z_OPT, ZROUND, ZDATE) values (142,4,1,109,'2012-05-01');
insert into ZPARTICIPANT (Z_PK, Z_ENT, Z_OPT, ZMATCH, ZPARTICIPANTSTATISTICS, Z8_PARTICIPANTSTATISTICS, ZPLAYER, ZTEAMPARTICIPANT, ZTEAM) values (183,7,1,142,NULL,NULL,NULL,NULL,108);
insert into ZPARTICIPANT (Z_PK, Z_ENT, Z_OPT, ZMATCH, ZPARTICIPANTSTATISTICS, Z8_PARTICIPANTSTATISTICS, ZPLAYER, ZTEAMPARTICIPANT, ZTEAM) values (184,7,1,142,NULL,NULL,NULL,NULL,102);
-- Old Haileybury VS Caulfield Grammarians
insert into ZMATCH (Z_PK, Z_ENT, Z_OPT, ZROUND, ZDATE) values (143,4,1,109,'2012-05-01');
insert into ZPARTICIPANT (Z_PK, Z_ENT, Z_OPT, ZMATCH, ZPARTICIPANTSTATISTICS, Z8_PARTICIPANTSTATISTICS, ZPLAYER, ZTEAMPARTICIPANT, ZTEAM) values (185,7,1,143,NULL,NULL,NULL,NULL,106);
insert into ZPARTICIPANT (Z_PK, Z_ENT, Z_OPT, ZMATCH, ZPARTICIPANTSTATISTICS, Z8_PARTICIPANTSTATISTICS, ZPLAYER, ZTEAMPARTICIPANT, ZTEAM) values (186,7,1,143,NULL,NULL,NULL,NULL,103);
-- St Kevins VS AJAX
insert into ZMATCH (Z_PK, Z_ENT, Z_OPT, ZROUND, ZDATE) values (144,4,1,109,'2012-05-01');
insert into ZPARTICIPANT (Z_PK, Z_ENT, Z_OPT, ZMATCH, ZPARTICIPANTSTATISTICS, Z8_PARTICIPANTSTATISTICS, ZPLAYER, ZTEAMPARTICIPANT, ZTEAM) values (187,7,1,144,NULL,NULL,NULL,NULL,109);
insert into ZPARTICIPANT (Z_PK, Z_ENT, Z_OPT, ZMATCH, ZPARTICIPANTSTATISTICS, Z8_PARTICIPANTSTATISTICS, ZPLAYER, ZTEAMPARTICIPANT, ZTEAM) values (188,7,1,144,NULL,NULL,NULL,NULL,101);
-- Fitzroy VS Old Melburnians
insert into ZMATCH (Z_PK, Z_ENT, Z_OPT, ZROUND, ZDATE) values (145,4,1,109,'2012-05-01');
insert into ZPARTICIPANT (Z_PK, Z_ENT, Z_OPT, ZMATCH, ZPARTICIPANTSTATISTICS, Z8_PARTICIPANTSTATISTICS, ZPLAYER, ZTEAMPARTICIPANT, ZTEAM) values (189,7,1,145,NULL,NULL,NULL,NULL,104);
insert into ZPARTICIPANT (Z_PK, Z_ENT, Z_OPT, ZMATCH, ZPARTICIPANTSTATISTICS, Z8_PARTICIPANTSTATISTICS, ZPLAYER, ZTEAMPARTICIPANT, ZTEAM) values (190,7,1,145,NULL,NULL,NULL,NULL,105);
-- Round: 10
insert into ZROUND (Z_PK, Z_ENT, Z_OPT, ZNUMBER, ZSEASON, ZDATE) values (110,11,1,10,2,'2012-05-07');
-- Old Brighton VS Fitzroy
insert into ZMATCH (Z_PK, Z_ENT, Z_OPT, ZROUND, ZDATE) values (146,4,1,110,'2012-05-01');
insert into ZPARTICIPANT (Z_PK, Z_ENT, Z_OPT, ZMATCH, ZPARTICIPANTSTATISTICS, Z8_PARTICIPANTSTATISTICS, ZPLAYER, ZTEAMPARTICIPANT, ZTEAM) values (191,7,1,146,NULL,NULL,NULL,NULL,107);
insert into ZPARTICIPANT (Z_PK, Z_ENT, Z_OPT, ZMATCH, ZPARTICIPANTSTATISTICS, Z8_PARTICIPANTSTATISTICS, ZPLAYER, ZTEAMPARTICIPANT, ZTEAM) values (192,7,1,146,NULL,NULL,NULL,NULL,104);
-- AJAX VS Old Melburnians
insert into ZMATCH (Z_PK, Z_ENT, Z_OPT, ZROUND, ZDATE) values (147,4,1,110,'2012-05-01');
insert into ZPARTICIPANT (Z_PK, Z_ENT, Z_OPT, ZMATCH, ZPARTICIPANTSTATISTICS, Z8_PARTICIPANTSTATISTICS, ZPLAYER, ZTEAMPARTICIPANT, ZTEAM) values (193,7,1,147,NULL,NULL,NULL,NULL,101);
insert into ZPARTICIPANT (Z_PK, Z_ENT, Z_OPT, ZMATCH, ZPARTICIPANTSTATISTICS, Z8_PARTICIPANTSTATISTICS, ZPLAYER, ZTEAMPARTICIPANT, ZTEAM) values (194,7,1,147,NULL,NULL,NULL,NULL,105);
-- Caulfield Grammarians VS Parkdale Vultures
insert into ZMATCH (Z_PK, Z_ENT, Z_OPT, ZROUND, ZDATE) values (148,4,1,110,'2012-05-01');
insert into ZPARTICIPANT (Z_PK, Z_ENT, Z_OPT, ZMATCH, ZPARTICIPANTSTATISTICS, Z8_PARTICIPANTSTATISTICS, ZPLAYER, ZTEAMPARTICIPANT, ZTEAM) values (195,7,1,148,NULL,NULL,NULL,NULL,103);
insert into ZPARTICIPANT (Z_PK, Z_ENT, Z_OPT, ZMATCH, ZPARTICIPANTSTATISTICS, Z8_PARTICIPANTSTATISTICS, ZPLAYER, ZTEAMPARTICIPANT, ZTEAM) values (196,7,1,148,NULL,NULL,NULL,NULL,108);
-- Old Haileybury VS St Kevins
insert into ZMATCH (Z_PK, Z_ENT, Z_OPT, ZROUND, ZDATE) values (149,4,1,110,'2012-05-01');
insert into ZPARTICIPANT (Z_PK, Z_ENT, Z_OPT, ZMATCH, ZPARTICIPANTSTATISTICS, Z8_PARTICIPANTSTATISTICS, ZPLAYER, ZTEAMPARTICIPANT, ZTEAM) values (197,7,1,149,NULL,NULL,NULL,NULL,106);
insert into ZPARTICIPANT (Z_PK, Z_ENT, Z_OPT, ZMATCH, ZPARTICIPANTSTATISTICS, Z8_PARTICIPANTSTATISTICS, ZPLAYER, ZTEAMPARTICIPANT, ZTEAM) values (198,7,1,149,NULL,NULL,NULL,NULL,109);
-- Werribee Districts VS Old Trinity
insert into ZMATCH (Z_PK, Z_ENT, Z_OPT, ZROUND, ZDATE) values (150,4,1,110,'2012-05-01');
insert into ZPARTICIPANT (Z_PK, Z_ENT, Z_OPT, ZMATCH, ZPARTICIPANTSTATISTICS, Z8_PARTICIPANTSTATISTICS, ZPLAYER, ZTEAMPARTICIPANT, ZTEAM) values (199,7,1,150,NULL,NULL,NULL,NULL,102);
insert into ZPARTICIPANT (Z_PK, Z_ENT, Z_OPT, ZMATCH, ZPARTICIPANTSTATISTICS, Z8_PARTICIPANTSTATISTICS, ZPLAYER, ZTEAMPARTICIPANT, ZTEAM) values (200,7,1,150,NULL,NULL,NULL,NULL,110);
-- Round: 11
insert into ZROUND (Z_PK, Z_ENT, Z_OPT, ZNUMBER, ZSEASON, ZDATE) values (111,11,1,11,2,'2012-05-07');
-- Old Trinity VS AJAX
insert into ZMATCH (Z_PK, Z_ENT, Z_OPT, ZROUND, ZDATE) values (151,4,1,111,'2012-05-01');
insert into ZPARTICIPANT (Z_PK, Z_ENT, Z_OPT, ZMATCH, ZPARTICIPANTSTATISTICS, Z8_PARTICIPANTSTATISTICS, ZPLAYER, ZTEAMPARTICIPANT, ZTEAM) values (201,7,1,151,NULL,NULL,NULL,NULL,110);
insert into ZPARTICIPANT (Z_PK, Z_ENT, Z_OPT, ZMATCH, ZPARTICIPANTSTATISTICS, Z8_PARTICIPANTSTATISTICS, ZPLAYER, ZTEAMPARTICIPANT, ZTEAM) values (202,7,1,151,NULL,NULL,NULL,NULL,101);
-- Parkdale Vultures VS Old Haileybury
insert into ZMATCH (Z_PK, Z_ENT, Z_OPT, ZROUND, ZDATE) values (152,4,1,111,'2012-05-01');
insert into ZPARTICIPANT (Z_PK, Z_ENT, Z_OPT, ZMATCH, ZPARTICIPANTSTATISTICS, Z8_PARTICIPANTSTATISTICS, ZPLAYER, ZTEAMPARTICIPANT, ZTEAM) values (203,7,1,152,NULL,NULL,NULL,NULL,108);
insert into ZPARTICIPANT (Z_PK, Z_ENT, Z_OPT, ZMATCH, ZPARTICIPANTSTATISTICS, Z8_PARTICIPANTSTATISTICS, ZPLAYER, ZTEAMPARTICIPANT, ZTEAM) values (204,7,1,152,NULL,NULL,NULL,NULL,106);
-- Old Melburnians VS Werribee Districts
insert into ZMATCH (Z_PK, Z_ENT, Z_OPT, ZROUND, ZDATE) values (153,4,1,111,'2012-05-01');
insert into ZPARTICIPANT (Z_PK, Z_ENT, Z_OPT, ZMATCH, ZPARTICIPANTSTATISTICS, Z8_PARTICIPANTSTATISTICS, ZPLAYER, ZTEAMPARTICIPANT, ZTEAM) values (205,7,1,153,NULL,NULL,NULL,NULL,105);
insert into ZPARTICIPANT (Z_PK, Z_ENT, Z_OPT, ZMATCH, ZPARTICIPANTSTATISTICS, Z8_PARTICIPANTSTATISTICS, ZPLAYER, ZTEAMPARTICIPANT, ZTEAM) values (206,7,1,153,NULL,NULL,NULL,NULL,102);
-- St Kevins VS Old Brighton
insert into ZMATCH (Z_PK, Z_ENT, Z_OPT, ZROUND, ZDATE) values (154,4,1,111,'2012-05-01');
insert into ZPARTICIPANT (Z_PK, Z_ENT, Z_OPT, ZMATCH, ZPARTICIPANTSTATISTICS, Z8_PARTICIPANTSTATISTICS, ZPLAYER, ZTEAMPARTICIPANT, ZTEAM) values (207,7,1,154,NULL,NULL,NULL,NULL,109);
insert into ZPARTICIPANT (Z_PK, Z_ENT, Z_OPT, ZMATCH, ZPARTICIPANTSTATISTICS, Z8_PARTICIPANTSTATISTICS, ZPLAYER, ZTEAMPARTICIPANT, ZTEAM) values (208,7,1,154,NULL,NULL,NULL,NULL,107);
-- Fitzroy VS Caulfield Grammarians
insert into ZMATCH (Z_PK, Z_ENT, Z_OPT, ZROUND, ZDATE) values (155,4,1,111,'2012-05-01');
insert into ZPARTICIPANT (Z_PK, Z_ENT, Z_OPT, ZMATCH, ZPARTICIPANTSTATISTICS, Z8_PARTICIPANTSTATISTICS, ZPLAYER, ZTEAMPARTICIPANT, ZTEAM) values (209,7,1,155,NULL,NULL,NULL,NULL,104);
insert into ZPARTICIPANT (Z_PK, Z_ENT, Z_OPT, ZMATCH, ZPARTICIPANTSTATISTICS, Z8_PARTICIPANTSTATISTICS, ZPLAYER, ZTEAMPARTICIPANT, ZTEAM) values (210,7,1,155,NULL,NULL,NULL,NULL,103);
-- Round: 12
insert into ZROUND (Z_PK, Z_ENT, Z_OPT, ZNUMBER, ZSEASON, ZDATE) values (112,11,1,12,2,'2012-05-07');
-- Old Brighton VS Old Melburnians
insert into ZMATCH (Z_PK, Z_ENT, Z_OPT, ZROUND, ZDATE) values (156,4,1,112,'2012-05-01');
insert into ZPARTICIPANT (Z_PK, Z_ENT, Z_OPT, ZMATCH, ZPARTICIPANTSTATISTICS, Z8_PARTICIPANTSTATISTICS, ZPLAYER, ZTEAMPARTICIPANT, ZTEAM) values (211,7,1,156,NULL,NULL,NULL,NULL,107);
insert into ZPARTICIPANT (Z_PK, Z_ENT, Z_OPT, ZMATCH, ZPARTICIPANTSTATISTICS, Z8_PARTICIPANTSTATISTICS, ZPLAYER, ZTEAMPARTICIPANT, ZTEAM) values (212,7,1,156,NULL,NULL,NULL,NULL,105);
-- Old Trinity VS Fitzroy
insert into ZMATCH (Z_PK, Z_ENT, Z_OPT, ZROUND, ZDATE) values (157,4,1,112,'2012-05-01');
insert into ZPARTICIPANT (Z_PK, Z_ENT, Z_OPT, ZMATCH, ZPARTICIPANTSTATISTICS, Z8_PARTICIPANTSTATISTICS, ZPLAYER, ZTEAMPARTICIPANT, ZTEAM) values (213,7,1,157,NULL,NULL,NULL,NULL,110);
insert into ZPARTICIPANT (Z_PK, Z_ENT, Z_OPT, ZMATCH, ZPARTICIPANTSTATISTICS, Z8_PARTICIPANTSTATISTICS, ZPLAYER, ZTEAMPARTICIPANT, ZTEAM) values (214,7,1,157,NULL,NULL,NULL,NULL,104);
-- AJAX VS Old Haileybury
insert into ZMATCH (Z_PK, Z_ENT, Z_OPT, ZROUND, ZDATE) values (158,4,1,112,'2012-05-01');
insert into ZPARTICIPANT (Z_PK, Z_ENT, Z_OPT, ZMATCH, ZPARTICIPANTSTATISTICS, Z8_PARTICIPANTSTATISTICS, ZPLAYER, ZTEAMPARTICIPANT, ZTEAM) values (215,7,1,158,NULL,NULL,NULL,NULL,101);
insert into ZPARTICIPANT (Z_PK, Z_ENT, Z_OPT, ZMATCH, ZPARTICIPANTSTATISTICS, Z8_PARTICIPANTSTATISTICS, ZPLAYER, ZTEAMPARTICIPANT, ZTEAM) values (216,7,1,158,NULL,NULL,NULL,NULL,106);
-- Caulfield Grammarians VS Werribee Districts
insert into ZMATCH (Z_PK, Z_ENT, Z_OPT, ZROUND, ZDATE) values (159,4,1,112,'2012-05-01');
insert into ZPARTICIPANT (Z_PK, Z_ENT, Z_OPT, ZMATCH, ZPARTICIPANTSTATISTICS, Z8_PARTICIPANTSTATISTICS, ZPLAYER, ZTEAMPARTICIPANT, ZTEAM) values (217,7,1,159,NULL,NULL,NULL,NULL,103);
insert into ZPARTICIPANT (Z_PK, Z_ENT, Z_OPT, ZMATCH, ZPARTICIPANTSTATISTICS, Z8_PARTICIPANTSTATISTICS, ZPLAYER, ZTEAMPARTICIPANT, ZTEAM) values (218,7,1,159,NULL,NULL,NULL,NULL,102);
-- St Kevins VS Parkdale Vultures
insert into ZMATCH (Z_PK, Z_ENT, Z_OPT, ZROUND, ZDATE) values (160,4,1,112,'2012-05-01');
insert into ZPARTICIPANT (Z_PK, Z_ENT, Z_OPT, ZMATCH, ZPARTICIPANTSTATISTICS, Z8_PARTICIPANTSTATISTICS, ZPLAYER, ZTEAMPARTICIPANT, ZTEAM) values (219,7,1,160,NULL,NULL,NULL,NULL,109);
insert into ZPARTICIPANT (Z_PK, Z_ENT, Z_OPT, ZMATCH, ZPARTICIPANTSTATISTICS, Z8_PARTICIPANTSTATISTICS, ZPLAYER, ZTEAMPARTICIPANT, ZTEAM) values (220,7,1,160,NULL,NULL,NULL,NULL,108);
-- Round: 13
insert into ZROUND (Z_PK, Z_ENT, Z_OPT, ZNUMBER, ZSEASON, ZDATE) values (113,11,1,13,2,'2012-05-07');
-- Parkdale Vultures VS AJAX
insert into ZMATCH (Z_PK, Z_ENT, Z_OPT, ZROUND, ZDATE) values (161,4,1,113,'2012-05-01');
insert into ZPARTICIPANT (Z_PK, Z_ENT, Z_OPT, ZMATCH, ZPARTICIPANTSTATISTICS, Z8_PARTICIPANTSTATISTICS, ZPLAYER, ZTEAMPARTICIPANT, ZTEAM) values (221,7,1,161,NULL,NULL,NULL,NULL,108);
insert into ZPARTICIPANT (Z_PK, Z_ENT, Z_OPT, ZMATCH, ZPARTICIPANTSTATISTICS, Z8_PARTICIPANTSTATISTICS, ZPLAYER, ZTEAMPARTICIPANT, ZTEAM) values (222,7,1,161,NULL,NULL,NULL,NULL,101);
-- Caulfield Grammarians VS Old Brighton
insert into ZMATCH (Z_PK, Z_ENT, Z_OPT, ZROUND, ZDATE) values (162,4,1,113,'2012-05-01');
insert into ZPARTICIPANT (Z_PK, Z_ENT, Z_OPT, ZMATCH, ZPARTICIPANTSTATISTICS, Z8_PARTICIPANTSTATISTICS, ZPLAYER, ZTEAMPARTICIPANT, ZTEAM) values (223,7,1,162,NULL,NULL,NULL,NULL,103);
insert into ZPARTICIPANT (Z_PK, Z_ENT, Z_OPT, ZMATCH, ZPARTICIPANTSTATISTICS, Z8_PARTICIPANTSTATISTICS, ZPLAYER, ZTEAMPARTICIPANT, ZTEAM) values (224,7,1,162,NULL,NULL,NULL,NULL,107);
-- Old Melburnians VS Old Trinity
insert into ZMATCH (Z_PK, Z_ENT, Z_OPT, ZROUND, ZDATE) values (163,4,1,113,'2012-05-01');
insert into ZPARTICIPANT (Z_PK, Z_ENT, Z_OPT, ZMATCH, ZPARTICIPANTSTATISTICS, Z8_PARTICIPANTSTATISTICS, ZPLAYER, ZTEAMPARTICIPANT, ZTEAM) values (225,7,1,163,NULL,NULL,NULL,NULL,105);
insert into ZPARTICIPANT (Z_PK, Z_ENT, Z_OPT, ZMATCH, ZPARTICIPANTSTATISTICS, Z8_PARTICIPANTSTATISTICS, ZPLAYER, ZTEAMPARTICIPANT, ZTEAM) values (226,7,1,163,NULL,NULL,NULL,NULL,110);
-- Old Haileybury VS Fitzroy
insert into ZMATCH (Z_PK, Z_ENT, Z_OPT, ZROUND, ZDATE) values (164,4,1,113,'2012-05-01');
insert into ZPARTICIPANT (Z_PK, Z_ENT, Z_OPT, ZMATCH, ZPARTICIPANTSTATISTICS, Z8_PARTICIPANTSTATISTICS, ZPLAYER, ZTEAMPARTICIPANT, ZTEAM) values (227,7,1,164,NULL,NULL,NULL,NULL,106);
insert into ZPARTICIPANT (Z_PK, Z_ENT, Z_OPT, ZMATCH, ZPARTICIPANTSTATISTICS, Z8_PARTICIPANTSTATISTICS, ZPLAYER, ZTEAMPARTICIPANT, ZTEAM) values (228,7,1,164,NULL,NULL,NULL,NULL,104);
-- Werribee Districts VS St Kevins
insert into ZMATCH (Z_PK, Z_ENT, Z_OPT, ZROUND, ZDATE) values (165,4,1,113,'2012-05-01');
insert into ZPARTICIPANT (Z_PK, Z_ENT, Z_OPT, ZMATCH, ZPARTICIPANTSTATISTICS, Z8_PARTICIPANTSTATISTICS, ZPLAYER, ZTEAMPARTICIPANT, ZTEAM) values (229,7,1,165,NULL,NULL,NULL,NULL,102);
insert into ZPARTICIPANT (Z_PK, Z_ENT, Z_OPT, ZMATCH, ZPARTICIPANTSTATISTICS, Z8_PARTICIPANTSTATISTICS, ZPLAYER, ZTEAMPARTICIPANT, ZTEAM) values (230,7,1,165,NULL,NULL,NULL,NULL,109);
-- Round: 14
insert into ZROUND (Z_PK, Z_ENT, Z_OPT, ZNUMBER, ZSEASON, ZDATE) values (114,11,1,14,2,'2012-05-07');
-- AJAX VS Old Brighton
insert into ZMATCH (Z_PK, Z_ENT, Z_OPT, ZROUND, ZDATE) values (166,4,1,114,'2012-05-01');
insert into ZPARTICIPANT (Z_PK, Z_ENT, Z_OPT, ZMATCH, ZPARTICIPANTSTATISTICS, Z8_PARTICIPANTSTATISTICS, ZPLAYER, ZTEAMPARTICIPANT, ZTEAM) values (231,7,1,166,NULL,NULL,NULL,NULL,101);
insert into ZPARTICIPANT (Z_PK, Z_ENT, Z_OPT, ZMATCH, ZPARTICIPANTSTATISTICS, Z8_PARTICIPANTSTATISTICS, ZPLAYER, ZTEAMPARTICIPANT, ZTEAM) values (232,7,1,166,NULL,NULL,NULL,NULL,107);
-- Old Melburnians VS Parkdale Vultures
insert into ZMATCH (Z_PK, Z_ENT, Z_OPT, ZROUND, ZDATE) values (167,4,1,114,'2012-05-01');
insert into ZPARTICIPANT (Z_PK, Z_ENT, Z_OPT, ZMATCH, ZPARTICIPANTSTATISTICS, Z8_PARTICIPANTSTATISTICS, ZPLAYER, ZTEAMPARTICIPANT, ZTEAM) values (233,7,1,167,NULL,NULL,NULL,NULL,105);
insert into ZPARTICIPANT (Z_PK, Z_ENT, Z_OPT, ZMATCH, ZPARTICIPANTSTATISTICS, Z8_PARTICIPANTSTATISTICS, ZPLAYER, ZTEAMPARTICIPANT, ZTEAM) values (234,7,1,167,NULL,NULL,NULL,NULL,108);
-- Old Haileybury VS Old Trinity
insert into ZMATCH (Z_PK, Z_ENT, Z_OPT, ZROUND, ZDATE) values (168,4,1,114,'2012-05-01');
insert into ZPARTICIPANT (Z_PK, Z_ENT, Z_OPT, ZMATCH, ZPARTICIPANTSTATISTICS, Z8_PARTICIPANTSTATISTICS, ZPLAYER, ZTEAMPARTICIPANT, ZTEAM) values (235,7,1,168,NULL,NULL,NULL,NULL,106);
insert into ZPARTICIPANT (Z_PK, Z_ENT, Z_OPT, ZMATCH, ZPARTICIPANTSTATISTICS, Z8_PARTICIPANTSTATISTICS, ZPLAYER, ZTEAMPARTICIPANT, ZTEAM) values (236,7,1,168,NULL,NULL,NULL,NULL,110);
-- St Kevins VS Caulfield Grammarians
insert into ZMATCH (Z_PK, Z_ENT, Z_OPT, ZROUND, ZDATE) values (169,4,1,114,'2012-05-01');
insert into ZPARTICIPANT (Z_PK, Z_ENT, Z_OPT, ZMATCH, ZPARTICIPANTSTATISTICS, Z8_PARTICIPANTSTATISTICS, ZPLAYER, ZTEAMPARTICIPANT, ZTEAM) values (237,7,1,169,NULL,NULL,NULL,NULL,109);
insert into ZPARTICIPANT (Z_PK, Z_ENT, Z_OPT, ZMATCH, ZPARTICIPANTSTATISTICS, Z8_PARTICIPANTSTATISTICS, ZPLAYER, ZTEAMPARTICIPANT, ZTEAM) values (238,7,1,169,NULL,NULL,NULL,NULL,103);
-- Fitzroy VS Werribee Districts
insert into ZMATCH (Z_PK, Z_ENT, Z_OPT, ZROUND, ZDATE) values (170,4,1,114,'2012-05-01');
insert into ZPARTICIPANT (Z_PK, Z_ENT, Z_OPT, ZMATCH, ZPARTICIPANTSTATISTICS, Z8_PARTICIPANTSTATISTICS, ZPLAYER, ZTEAMPARTICIPANT, ZTEAM) values (239,7,1,170,NULL,NULL,NULL,NULL,104);
insert into ZPARTICIPANT (Z_PK, Z_ENT, Z_OPT, ZMATCH, ZPARTICIPANTSTATISTICS, Z8_PARTICIPANTSTATISTICS, ZPLAYER, ZTEAMPARTICIPANT, ZTEAM) values (240,7,1,170,NULL,NULL,NULL,NULL,102);
-- Round: 15
insert into ZROUND (Z_PK, Z_ENT, Z_OPT, ZNUMBER, ZSEASON, ZDATE) values (115,11,1,15,2,'2012-05-07');
-- Old Brighton VS Parkdale Vultures
insert into ZMATCH (Z_PK, Z_ENT, Z_OPT, ZROUND, ZDATE) values (171,4,1,115,'2012-05-01');
insert into ZPARTICIPANT (Z_PK, Z_ENT, Z_OPT, ZMATCH, ZPARTICIPANTSTATISTICS, Z8_PARTICIPANTSTATISTICS, ZPLAYER, ZTEAMPARTICIPANT, ZTEAM) values (241,7,1,171,NULL,NULL,NULL,NULL,107);
insert into ZPARTICIPANT (Z_PK, Z_ENT, Z_OPT, ZMATCH, ZPARTICIPANTSTATISTICS, Z8_PARTICIPANTSTATISTICS, ZPLAYER, ZTEAMPARTICIPANT, ZTEAM) values (242,7,1,171,NULL,NULL,NULL,NULL,108);
-- Old Trinity VS Caulfield Grammarians
insert into ZMATCH (Z_PK, Z_ENT, Z_OPT, ZROUND, ZDATE) values (172,4,1,115,'2012-05-01');
insert into ZPARTICIPANT (Z_PK, Z_ENT, Z_OPT, ZMATCH, ZPARTICIPANTSTATISTICS, Z8_PARTICIPANTSTATISTICS, ZPLAYER, ZTEAMPARTICIPANT, ZTEAM) values (243,7,1,172,NULL,NULL,NULL,NULL,110);
insert into ZPARTICIPANT (Z_PK, Z_ENT, Z_OPT, ZMATCH, ZPARTICIPANTSTATISTICS, Z8_PARTICIPANTSTATISTICS, ZPLAYER, ZTEAMPARTICIPANT, ZTEAM) values (244,7,1,172,NULL,NULL,NULL,NULL,103);
-- Old Melburnians VS Old Haileybury
insert into ZMATCH (Z_PK, Z_ENT, Z_OPT, ZROUND, ZDATE) values (173,4,1,115,'2012-05-01');
insert into ZPARTICIPANT (Z_PK, Z_ENT, Z_OPT, ZMATCH, ZPARTICIPANTSTATISTICS, Z8_PARTICIPANTSTATISTICS, ZPLAYER, ZTEAMPARTICIPANT, ZTEAM) values (245,7,1,173,NULL,NULL,NULL,NULL,105);
insert into ZPARTICIPANT (Z_PK, Z_ENT, Z_OPT, ZMATCH, ZPARTICIPANTSTATISTICS, Z8_PARTICIPANTSTATISTICS, ZPLAYER, ZTEAMPARTICIPANT, ZTEAM) values (246,7,1,173,NULL,NULL,NULL,NULL,106);
-- Werribee Districts VS AJAX
insert into ZMATCH (Z_PK, Z_ENT, Z_OPT, ZROUND, ZDATE) values (174,4,1,115,'2012-05-01');
insert into ZPARTICIPANT (Z_PK, Z_ENT, Z_OPT, ZMATCH, ZPARTICIPANTSTATISTICS, Z8_PARTICIPANTSTATISTICS, ZPLAYER, ZTEAMPARTICIPANT, ZTEAM) values (247,7,1,174,NULL,NULL,NULL,NULL,102);
insert into ZPARTICIPANT (Z_PK, Z_ENT, Z_OPT, ZMATCH, ZPARTICIPANTSTATISTICS, Z8_PARTICIPANTSTATISTICS, ZPLAYER, ZTEAMPARTICIPANT, ZTEAM) values (248,7,1,174,NULL,NULL,NULL,NULL,101);
-- St Kevins VS Fitzroy
insert into ZMATCH (Z_PK, Z_ENT, Z_OPT, ZROUND, ZDATE) values (175,4,1,115,'2012-05-01');
insert into ZPARTICIPANT (Z_PK, Z_ENT, Z_OPT, ZMATCH, ZPARTICIPANTSTATISTICS, Z8_PARTICIPANTSTATISTICS, ZPLAYER, ZTEAMPARTICIPANT, ZTEAM) values (249,7,1,175,NULL,NULL,NULL,NULL,109);
insert into ZPARTICIPANT (Z_PK, Z_ENT, Z_OPT, ZMATCH, ZPARTICIPANTSTATISTICS, Z8_PARTICIPANTSTATISTICS, ZPLAYER, ZTEAMPARTICIPANT, ZTEAM) values (250,7,1,175,NULL,NULL,NULL,NULL,104);
-- Round: 16
insert into ZROUND (Z_PK, Z_ENT, Z_OPT, ZNUMBER, ZSEASON, ZDATE) values (116,11,1,16,2,'2012-05-07');
-- Old Trinity VS Old Brighton
insert into ZMATCH (Z_PK, Z_ENT, Z_OPT, ZROUND, ZDATE) values (176,4,1,116,'2012-05-01');
insert into ZPARTICIPANT (Z_PK, Z_ENT, Z_OPT, ZMATCH, ZPARTICIPANTSTATISTICS, Z8_PARTICIPANTSTATISTICS, ZPLAYER, ZTEAMPARTICIPANT, ZTEAM) values (251,7,1,176,NULL,NULL,NULL,NULL,110);
insert into ZPARTICIPANT (Z_PK, Z_ENT, Z_OPT, ZMATCH, ZPARTICIPANTSTATISTICS, Z8_PARTICIPANTSTATISTICS, ZPLAYER, ZTEAMPARTICIPANT, ZTEAM) values (252,7,1,176,NULL,NULL,NULL,NULL,107);
-- AJAX VS St Kevins
insert into ZMATCH (Z_PK, Z_ENT, Z_OPT, ZROUND, ZDATE) values (177,4,1,116,'2012-05-01');
insert into ZPARTICIPANT (Z_PK, Z_ENT, Z_OPT, ZMATCH, ZPARTICIPANTSTATISTICS, Z8_PARTICIPANTSTATISTICS, ZPLAYER, ZTEAMPARTICIPANT, ZTEAM) values (253,7,1,177,NULL,NULL,NULL,NULL,101);
insert into ZPARTICIPANT (Z_PK, Z_ENT, Z_OPT, ZMATCH, ZPARTICIPANTSTATISTICS, Z8_PARTICIPANTSTATISTICS, ZPLAYER, ZTEAMPARTICIPANT, ZTEAM) values (254,7,1,177,NULL,NULL,NULL,NULL,109);
-- Parkdale Vultures VS Fitzroy
insert into ZMATCH (Z_PK, Z_ENT, Z_OPT, ZROUND, ZDATE) values (178,4,1,116,'2012-05-01');
insert into ZPARTICIPANT (Z_PK, Z_ENT, Z_OPT, ZMATCH, ZPARTICIPANTSTATISTICS, Z8_PARTICIPANTSTATISTICS, ZPLAYER, ZTEAMPARTICIPANT, ZTEAM) values (255,7,1,178,NULL,NULL,NULL,NULL,108);
insert into ZPARTICIPANT (Z_PK, Z_ENT, Z_OPT, ZMATCH, ZPARTICIPANTSTATISTICS, Z8_PARTICIPANTSTATISTICS, ZPLAYER, ZTEAMPARTICIPANT, ZTEAM) values (256,7,1,178,NULL,NULL,NULL,NULL,104);
-- Caulfield Grammarians VS Old Melburnians
insert into ZMATCH (Z_PK, Z_ENT, Z_OPT, ZROUND, ZDATE) values (179,4,1,116,'2012-05-01');
insert into ZPARTICIPANT (Z_PK, Z_ENT, Z_OPT, ZMATCH, ZPARTICIPANTSTATISTICS, Z8_PARTICIPANTSTATISTICS, ZPLAYER, ZTEAMPARTICIPANT, ZTEAM) values (257,7,1,179,NULL,NULL,NULL,NULL,103);
insert into ZPARTICIPANT (Z_PK, Z_ENT, Z_OPT, ZMATCH, ZPARTICIPANTSTATISTICS, Z8_PARTICIPANTSTATISTICS, ZPLAYER, ZTEAMPARTICIPANT, ZTEAM) values (258,7,1,179,NULL,NULL,NULL,NULL,105);
-- Old Haileybury VS Werribee Districts
insert into ZMATCH (Z_PK, Z_ENT, Z_OPT, ZROUND, ZDATE) values (180,4,1,116,'2012-05-01');
insert into ZPARTICIPANT (Z_PK, Z_ENT, Z_OPT, ZMATCH, ZPARTICIPANTSTATISTICS, Z8_PARTICIPANTSTATISTICS, ZPLAYER, ZTEAMPARTICIPANT, ZTEAM) values (259,7,1,180,NULL,NULL,NULL,NULL,106);
insert into ZPARTICIPANT (Z_PK, Z_ENT, Z_OPT, ZMATCH, ZPARTICIPANTSTATISTICS, Z8_PARTICIPANTSTATISTICS, ZPLAYER, ZTEAMPARTICIPANT, ZTEAM) values (260,7,1,180,NULL,NULL,NULL,NULL,102);
-- Round: 17
insert into ZROUND (Z_PK, Z_ENT, Z_OPT, ZNUMBER, ZSEASON, ZDATE) values (117,11,1,17,2,'2012-05-07');
-- Old Brighton VS Werribee Districts
insert into ZMATCH (Z_PK, Z_ENT, Z_OPT, ZROUND, ZDATE) values (181,4,1,117,'2012-05-01');
insert into ZPARTICIPANT (Z_PK, Z_ENT, Z_OPT, ZMATCH, ZPARTICIPANTSTATISTICS, Z8_PARTICIPANTSTATISTICS, ZPLAYER, ZTEAMPARTICIPANT, ZTEAM) values (261,7,1,181,NULL,NULL,NULL,NULL,107);
insert into ZPARTICIPANT (Z_PK, Z_ENT, Z_OPT, ZMATCH, ZPARTICIPANTSTATISTICS, Z8_PARTICIPANTSTATISTICS, ZPLAYER, ZTEAMPARTICIPANT, ZTEAM) values (262,7,1,181,NULL,NULL,NULL,NULL,102);
-- Parkdale Vultures VS Old Trinity
insert into ZMATCH (Z_PK, Z_ENT, Z_OPT, ZROUND, ZDATE) values (182,4,1,117,'2012-05-01');
insert into ZPARTICIPANT (Z_PK, Z_ENT, Z_OPT, ZMATCH, ZPARTICIPANTSTATISTICS, Z8_PARTICIPANTSTATISTICS, ZPLAYER, ZTEAMPARTICIPANT, ZTEAM) values (263,7,1,182,NULL,NULL,NULL,NULL,108);
insert into ZPARTICIPANT (Z_PK, Z_ENT, Z_OPT, ZMATCH, ZPARTICIPANTSTATISTICS, Z8_PARTICIPANTSTATISTICS, ZPLAYER, ZTEAMPARTICIPANT, ZTEAM) values (264,7,1,182,NULL,NULL,NULL,NULL,110);
-- Caulfield Grammarians VS Old Haileybury
insert into ZMATCH (Z_PK, Z_ENT, Z_OPT, ZROUND, ZDATE) values (183,4,1,117,'2012-05-01');
insert into ZPARTICIPANT (Z_PK, Z_ENT, Z_OPT, ZMATCH, ZPARTICIPANTSTATISTICS, Z8_PARTICIPANTSTATISTICS, ZPLAYER, ZTEAMPARTICIPANT, ZTEAM) values (265,7,1,183,NULL,NULL,NULL,NULL,103);
insert into ZPARTICIPANT (Z_PK, Z_ENT, Z_OPT, ZMATCH, ZPARTICIPANTSTATISTICS, Z8_PARTICIPANTSTATISTICS, ZPLAYER, ZTEAMPARTICIPANT, ZTEAM) values (266,7,1,183,NULL,NULL,NULL,NULL,106);
-- St Kevins VS Old Melburnians
insert into ZMATCH (Z_PK, Z_ENT, Z_OPT, ZROUND, ZDATE) values (184,4,1,117,'2012-05-01');
insert into ZPARTICIPANT (Z_PK, Z_ENT, Z_OPT, ZMATCH, ZPARTICIPANTSTATISTICS, Z8_PARTICIPANTSTATISTICS, ZPLAYER, ZTEAMPARTICIPANT, ZTEAM) values (267,7,1,184,NULL,NULL,NULL,NULL,109);
insert into ZPARTICIPANT (Z_PK, Z_ENT, Z_OPT, ZMATCH, ZPARTICIPANTSTATISTICS, Z8_PARTICIPANTSTATISTICS, ZPLAYER, ZTEAMPARTICIPANT, ZTEAM) values (268,7,1,184,NULL,NULL,NULL,NULL,105);
-- Fitzroy VS AJAX
insert into ZMATCH (Z_PK, Z_ENT, Z_OPT, ZROUND, ZDATE) values (185,4,1,117,'2012-05-01');
insert into ZPARTICIPANT (Z_PK, Z_ENT, Z_OPT, ZMATCH, ZPARTICIPANTSTATISTICS, Z8_PARTICIPANTSTATISTICS, ZPLAYER, ZTEAMPARTICIPANT, ZTEAM) values (269,7,1,185,NULL,NULL,NULL,NULL,104);
insert into ZPARTICIPANT (Z_PK, Z_ENT, Z_OPT, ZMATCH, ZPARTICIPANTSTATISTICS, Z8_PARTICIPANTSTATISTICS, ZPLAYER, ZTEAMPARTICIPANT, ZTEAM) values (270,7,1,185,NULL,NULL,NULL,NULL,101);
-- Round: 18
insert into ZROUND (Z_PK, Z_ENT, Z_OPT, ZNUMBER, ZSEASON, ZDATE) values (118,11,1,18,2,'2012-05-07');
-- Old Trinity VS St Kevins
insert into ZMATCH (Z_PK, Z_ENT, Z_OPT, ZROUND, ZDATE) values (186,4,1,118,'2012-05-01');
insert into ZPARTICIPANT (Z_PK, Z_ENT, Z_OPT, ZMATCH, ZPARTICIPANTSTATISTICS, Z8_PARTICIPANTSTATISTICS, ZPLAYER, ZTEAMPARTICIPANT, ZTEAM) values (271,7,1,186,NULL,NULL,NULL,NULL,110);
insert into ZPARTICIPANT (Z_PK, Z_ENT, Z_OPT, ZMATCH, ZPARTICIPANTSTATISTICS, Z8_PARTICIPANTSTATISTICS, ZPLAYER, ZTEAMPARTICIPANT, ZTEAM) values (272,7,1,186,NULL,NULL,NULL,NULL,109);
-- AJAX VS Caulfield Grammarians
insert into ZMATCH (Z_PK, Z_ENT, Z_OPT, ZROUND, ZDATE) values (187,4,1,118,'2012-05-01');
insert into ZPARTICIPANT (Z_PK, Z_ENT, Z_OPT, ZMATCH, ZPARTICIPANTSTATISTICS, Z8_PARTICIPANTSTATISTICS, ZPLAYER, ZTEAMPARTICIPANT, ZTEAM) values (273,7,1,187,NULL,NULL,NULL,NULL,101);
insert into ZPARTICIPANT (Z_PK, Z_ENT, Z_OPT, ZMATCH, ZPARTICIPANTSTATISTICS, Z8_PARTICIPANTSTATISTICS, ZPLAYER, ZTEAMPARTICIPANT, ZTEAM) values (274,7,1,187,NULL,NULL,NULL,NULL,103);
-- Old Melburnians VS Fitzroy
insert into ZMATCH (Z_PK, Z_ENT, Z_OPT, ZROUND, ZDATE) values (188,4,1,118,'2012-05-01');
insert into ZPARTICIPANT (Z_PK, Z_ENT, Z_OPT, ZMATCH, ZPARTICIPANTSTATISTICS, Z8_PARTICIPANTSTATISTICS, ZPLAYER, ZTEAMPARTICIPANT, ZTEAM) values (275,7,1,188,NULL,NULL,NULL,NULL,105);
insert into ZPARTICIPANT (Z_PK, Z_ENT, Z_OPT, ZMATCH, ZPARTICIPANTSTATISTICS, Z8_PARTICIPANTSTATISTICS, ZPLAYER, ZTEAMPARTICIPANT, ZTEAM) values (276,7,1,188,NULL,NULL,NULL,NULL,104);
-- Old Haileybury VS Old Brighton
insert into ZMATCH (Z_PK, Z_ENT, Z_OPT, ZROUND, ZDATE) values (189,4,1,118,'2012-05-01');
insert into ZPARTICIPANT (Z_PK, Z_ENT, Z_OPT, ZMATCH, ZPARTICIPANTSTATISTICS, Z8_PARTICIPANTSTATISTICS, ZPLAYER, ZTEAMPARTICIPANT, ZTEAM) values (277,7,1,189,NULL,NULL,NULL,NULL,106);
insert into ZPARTICIPANT (Z_PK, Z_ENT, Z_OPT, ZMATCH, ZPARTICIPANTSTATISTICS, Z8_PARTICIPANTSTATISTICS, ZPLAYER, ZTEAMPARTICIPANT, ZTEAM) values (278,7,1,189,NULL,NULL,NULL,NULL,107);
-- Werribee Districts VS Parkdale Vultures
insert into ZMATCH (Z_PK, Z_ENT, Z_OPT, ZROUND, ZDATE) values (190,4,1,118,'2012-05-01');
insert into ZPARTICIPANT (Z_PK, Z_ENT, Z_OPT, ZMATCH, ZPARTICIPANTSTATISTICS, Z8_PARTICIPANTSTATISTICS, ZPLAYER, ZTEAMPARTICIPANT, ZTEAM) values (279,7,1,190,NULL,NULL,NULL,NULL,102);
insert into ZPARTICIPANT (Z_PK, Z_ENT, Z_OPT, ZMATCH, ZPARTICIPANTSTATISTICS, Z8_PARTICIPANTSTATISTICS, ZPLAYER, ZTEAMPARTICIPANT, ZTEAM) values (280,7,1,190,NULL,NULL,NULL,NULL,108);
